-- phpMyAdmin SQL Dump
-- version 4.5.1
-- http://www.phpmyadmin.net
--
-- Host: 127.0.0.1
-- Generation Time: Nov 21, 2017 at 06:03 AM
-- Server version: 10.1.16-MariaDB
-- PHP Version: 5.5.38

SET SQL_MODE = "NO_AUTO_VALUE_ON_ZERO";
SET time_zone = "+00:00";


/*!40101 SET @OLD_CHARACTER_SET_CLIENT=@@CHARACTER_SET_CLIENT */;
/*!40101 SET @OLD_CHARACTER_SET_RESULTS=@@CHARACTER_SET_RESULTS */;
/*!40101 SET @OLD_COLLATION_CONNECTION=@@COLLATION_CONNECTION */;
/*!40101 SET NAMES utf8mb4 */;

--
-- Database: `travel`
--

-- --------------------------------------------------------

--
-- Table structure for table `categories`
--

CREATE TABLE `categories` (
  `catID` int(11) NOT NULL,
  `cat_name` varchar(255) NOT NULL,
  `cat_description` text NOT NULL
) ENGINE=InnoDB DEFAULT CHARSET=utf8;

--
-- Dumping data for table `categories`
--

INSERT INTO `categories` (`catID`, `cat_name`, `cat_description`) VALUES
(9, 'حج وعمرة', 'جح وعمرة'),
(10, 'شهر العسل', 'شهر العسل'),
(12, 'داخلية', 'رحلات '),
(13, 'بحرية', 'رحلات'),
(14, 'عروض سياحية', 'رحلات');

-- --------------------------------------------------------

--
-- Table structure for table `reservedtrip`
--

CREATE TABLE `reservedtrip` (
  `id` int(11) NOT NULL,
  `travel_id` int(11) NOT NULL,
  `user_id` int(11) NOT NULL,
  `number_person` int(11) NOT NULL,
  `phone` int(11) NOT NULL,
  `date` int(11) NOT NULL
) ENGINE=InnoDB DEFAULT CHARSET=utf8;

--
-- Dumping data for table `reservedtrip`
--

INSERT INTO `reservedtrip` (`id`, `travel_id`, `user_id`, `number_person`, `phone`, `date`) VALUES
(1, 1, 1, 1, 15452, 0),
(2, 2, 4, 595, 66565, 0),
(3, 7, 5, 255, 746545, 0),
(4, 10, 5, 2, 7777, 0);

-- --------------------------------------------------------

--
-- Table structure for table `travel`
--

CREATE TABLE `travel` (
  `id` int(11) NOT NULL,
  `title` varchar(255) NOT NULL,
  `body` text NOT NULL,
  `imgPath` varchar(255) NOT NULL,
  `date` datetime NOT NULL DEFAULT CURRENT_TIMESTAMP,
  `price` varchar(255) NOT NULL,
  `catID` int(11) NOT NULL
) ENGINE=InnoDB DEFAULT CHARSET=utf8;

--
-- Dumping data for table `travel`
--

INSERT INTO `travel` (`id`, `title`, `body`, `imgPath`, `date`, `price`, `catID`) VALUES
(12, 'رحلات العمرة جوا في رمضان', 'تفاصيل العرض: رحـــــــلات ‫#‏العمرة_جوا‬ في ‫#‏رمضـــــان‬ باجود الخدمـــات واكثــرها تميزا لضيــوف الرحـمــن والاقامة في فنادق خمس نجوم. ', 'cabace71fd71e478a82762bff34766d2.jpg', '2017-12-31 12:00:00', '439', 9),
(13, 'العمرة جوا لمدة اسبوع', 'تفاصيل العرض: رحلة عمرة جوا لمدة اسبوع. السعر: 399 دينار للشخص الواحد. السعر يشمل:   - 5 ليالي في مكة و 2 ليلة في المدينة', 'c8772a89ff2530abf086e8e2cf84fbde.jpg', '2017-12-28 23:00:00', '399', 9),
(14, 'العمرة جوا الى مكة المكرمة', ' تفاصيل العرض: اقوى عروض ‫العمرة‬ بارقى الخدمات لضيوف الحرم من ‫مواكب‬ لعمرة_جوا‬ , ( 4 ايام - 3 ليالي ) مكة فقط', 'cc5eb4037d88fc080d48ab2f7f930011.jpg', '2017-12-08 14:00:00', '249', 9),
(15, 'عيدية عييد الام عمرة العمرجوا', 'ناسبة عيد الام قدم لامك احلى عدية عمرة العمر،  العمرة جوا لمدة 4 ايام السعر:  259 دينار شامل - المبيت -  والموصلات - والتذاكر ', '9091fd28fa1e79731ac5798e44d038d4.jpg', '2017-11-04 01:00:00', '259', 9),
(17, 'عمرة على بلاط الحرم', 'اقوى عروض العمرة جوا لهذا الموسم  رحلة عمرة 5 ايام 4 ليالي بتاريخ 27-3-2016  ، الاقامة فيفندق حياة ريجنسي على بلاط الحرم مع غرفة مطلة على الحرم ', '57bda3e631106e08a20729d0a984f9c8.jpg', '2017-09-29 12:33:00', '409', 9),
(18, 'العمرة جوا والاقامة في فندق ماريوت ', 'عرض خاص العمرة جوا لمدة 5 ايام  في فندق بالقرب من الحرم في فندق ماريوت مكة 5 نجوم - Makkah Marriott Hotel  ', 'c55b50e51811b489d17dda4217ede6c2.jpg', '2018-01-01 01:00:00', '369', 9),
(20, 'إسعد نفسك بالسفر الى بيت الله', 'أسعد نفسك وبادر بالحجز لأداء العمرة‬ مع عرض مميز  أسعارنا تبدأ من 300 دينار فقط !  تميزنا بأختيار أفضل ‫‏الفنادق‬ القريبة', '9a982159410ffcb38fe1a604c333c235.jpg', '2018-02-04 07:30:00', '300', 9),
(21, 'العمرة لمدة أسبوع جوا', 'رض خاص - العمرة جوا لمدة اسبوع - 4 ليالي في مكة و 3 ليالي في المدينة مع الملكية الاردنية - السعر 449 دينار للشخص الواحد', '714bdf112eec2976cb740139be771609.jpg', '2017-12-09 21:50:00', '449', 9),
(22, 'رحلة عمـــــرة بـــــــرا 11 يــــــوم', 'فاصيل العرض رحلة عمـــــرة بـــــــرا ابتداء من 115 دينار 11 يــــــوم للشخص بالغرفة الرباعية، رحلات كل يوم اربعاء من كل اسبوع، ', '2bce6dd4fbe6bff2031cc91a08b9c7d4.jpg', '2018-02-02 09:45:00', '115', 9),
(23, 'جزيرة بوكيت ومدينة كوالالمبور ', 'تفاصيل العرض: رحلة شهرعسل 10 أيام / 8 ليالي مميزه الى جزيرة بوكيت ومدينة كوالالمبور في فنادق 5 نجوم', '7736517f9bec8b8ea77fa6a856c68023.jpg', '2018-03-02 13:00:00', '990', 10),
(24, 'اسبوع الى سريلانكا  خلال شهر 10', 'تفاصيل العرض: شهر عسل لمدة اسبوع، 7أيام  و6 ليالي  خلال شهر 10 الى سريلانكا تشمل زيارة كولومبو، مقاطعة كاندي نورليا', '182d511019ec360a86d048e47a7e10e4.jpg', '2018-04-02 23:45:00', '659', 10),
(25, 'رحلة شهر عسل الى بانكوك 8 أيام', 'تفاصيل العرض : عروض_ شهر العسل  #تايلاند  #مدينة بانكوك  #8 أيام و 7 ليالي . السعر : 885  دينار للشخص  ', '1603d46d188b2f997b6e413c29fc3d74.jpg', '2018-02-02 15:15:00', '885', 10),
(30, 'رحلة بالباخره الى تركيا واليونان 10 ايام', 'تفاصيل العرض رحلة رائعة بالباخرة الى #تركيا واليونان  #10 ايام و 9 ليالي #وزيارة جزر رودوس _ سان توريني _ ميكوونوس _ باروس _ ازمير # باحدث باخرة سياحية_ Aegean Odyssey cru', '6c6b1c68b33c794f784f3ff29ec8b8c7.jpg', '2018-01-02 01:00:00', '1099', 13),
(31, 'رحلة رائعة الى تركيا واليونان – 10 أيام', 'تفاصيل العرض : استمتع بأقوى العروض الحصرية وسافر الى كل من #تركيا #اليونان , وقم بزيارة #اسطنبول  وزيارة الجزر التالية #رودوس و #سان_توريني و #ميكوونوس و #باروس و #ازمير بالا...\r\n', 'a9677ac5e12ec98da932354e615b7513.jpg', '2018-02-01 04:15:00', '999', 13),
(32, 'رحلة سياحية الى شرم الشيخ  بالقارب 5 ايام + 4 ليالي', '  تفاصيل العرض: شرم الشيخ  بالقارب لمن يعشقون البحرعلى متن احدث القوارب البحرية 5 ايام + 4 ليالي ورحلات مؤكده كل اثنين وثلاثاء وخميس وجمعه', '6dc0e2f6dd64d8c63dc8240a82cbf34d.jpg', '2018-01-02 02:03:00', '150', 14),
(33, 'عرض رحلات أوروبا النمسا – ايطاليا', 'تفاصيل العرض النمسا – ايطاليا – فرنسا – سويسرا 14 يوم / 13 تتضمن الرحلة زيارة كل من المدن التالية  فيينا – كارنثيا (منطقة البحيرات) – يودي...', '63d4719c354d2b68f4fba5a70d8a7c9c.jpg', '2018-01-01 12:35:00', '2235', 14),
(34, ' أمستردام – بروكسل 8 أيام / 7 ليالي', '  تفاصيل العرض  أمستردام – بروكسل 8 أيام / 7 ليالي   مواعيد الرحلات ', '348e3f366f0ece3ebfa542dbc5b7c3a5.jpg', '2018-03-02 16:02:00', '1600', 14),
(35, 'رحلة سياحية مميزة الى  فيينا', ' تفاصيل العرض: رحلة سياحية مميزة ستأخذك الى   فيينا – براغ – بودابست في 8 أيام / 7 ليالي   تاريخ الرحلات', '82a9ae7a0e62ef966a84c601a958e7c6.jpg', '2018-01-01 01:30:00', '1260', 14),
(36, 'عرض لرحلة سياحية الى النمسا وإيطاليا', 'تفاصيل العرض:  النمسا – ايطاليا   على مدى 11 يوم / 10 ليالي يتضمن  زيارة العديد من المدن والاماكن  الخلابة في فيينا – كارنثيا (Velden - كلانجف...', '8cf26b99aa3f45dd901b4b588557a52e.jpg', '2018-01-01 01:18:00', '1835', 14),
(37, 'عروض سياحية الى طابا المصرية', 'تفاصيل العرض أقوى الرحلات العائليه على متن أحدث القوارب البحرية حصريآ مع لميس للسياحه والسفر رحلات طابا المصريه بالقارب 3 ايـــــام   ليــلتــيــن رحلات مؤكده كل اثنين وثلاثاء و...', '00c127a1791243bcf691796b0f5a627f.jpg', '0000-00-00 00:00:00', '115', 14),
(39, 'العقبة , البتراء , و وادي رم', 'قضي هذا العيد لرؤية الأردن على حقيقته، من خلال زيارة ثلاثة من أكثر الاماكن روعة في اردننا الغالي. ستزور البتراء، وادي رم، والعقبة. هذه الرحلة ستكون مزيجا مختلفا من كل ما اختبر.', '7caa8f2de87bf8c6bdd061479cefaafc.jpg', '2017-01-02 02:00:00', '75', 12),
(40, 'عرض رحلة سياحية الى العقبة ووادي رم', 'تفاصيل العرض  ـلــــة العقبه - وادي رم ( رحلات اليوم الواحد ) لاصحاب يشمل برنامج الرحلة ما يلي: التنقلات بأحدث الباصات السياحية الحديثه والمكيفه .  زيارة مدين...', 'e050cd75a4710cb22ccbd487d3b46f93.jpg', '2017-01-30 03:23:00', '13', 12),
(42, 'تمتع بـعروض الطبيعة والمغامرة ', 'برنامج الرحلة: #عروض_شهر_ايلول #الاردن#مغامرات  * التجمع يوم الجمعه صباحا والانطلاق في تمام الساعة السابعة. * زيارة أحد الأودية ( النميرة - خشيبة - الغوير) ', 'e0d8ef979b5106ffcac2e97645760aca.jpg', '2018-01-02 02:15:00', '30', 14),
(43, 'البحر الميت - منتجع هوليداي', 'تفاصيل العرض: أفضل _العروض #البحر الميت # منتجع هوليداي إن البحر الميت – 5 نجوم. الاسعار مع العروض : عــرض افطــار - خــلال الاسبــوع : 85 ديـــنار للشخصــين. - نهـــا...\r\n', '91a235f2c1fbb33f72b5e2b0cb27dc23.jpg', '2018-05-03 10:30:00', '85', 14),
(44, 'أفضل العروض الى البحر الميت', 'تفاصيل العرض : عروض _أب #البحر الميت #فندق ومنتجع الموفينبك الاسعار مع العروض : - 90 دينار للغرفه المزدوجة خلال الاسبوع . - 115 دينار للغرفه الواحده خلال عطلة نهاية الاسبوع.', '700d9d7494764097e20dfea9c06a0275.jpg', '2018-04-06 02:15:00', '90', 14),
(45, 'رحلة الى العقبة 2 أيام', 'تفاصيل العرض: عروض شهر _أب الى #العقبة # 2 أيام و ليلة واحدة #فندق إنتركونتيننتال. الاسعار : - 119 دينار للغرفة المزدوجة  خلال الاسبوع . - 135 دينار للغرفة المزدوجه خلا ...', 'b533fb9825a53617985e18291845476c.jpg', '2018-02-02 13:30:00', '119', 14),
(46, 'البحر الميت 2 أيام', 'تفاصيل العرض : عروض شهر _أب الى #البحر الميت #2 يومان و ليلة واحدة #منتجع كراون بلازا -5 نجوم. الاسعار مع العروض: عــرض الافطــار - خــلال الاسبــوع : 95 ديـــنار ', '07c550a610eb5a154067dcddd78aa3cd.jpg', '2018-02-04 01:00:00', '95', 14);

-- --------------------------------------------------------

--
-- Table structure for table `users`
--

CREATE TABLE `users` (
  `userID` int(11) NOT NULL,
  `username` varchar(255) NOT NULL,
  `password` varchar(255) NOT NULL,
  `email` varchar(255) NOT NULL,
  `roles` int(11) NOT NULL DEFAULT '0',
  `active` int(11) NOT NULL DEFAULT '0',
  `age` varchar(255) NOT NULL,
  `dof` varchar(255) NOT NULL,
  `phone` varchar(255) NOT NULL
) ENGINE=InnoDB DEFAULT CHARSET=utf8;

--
-- Dumping data for table `users`
--

INSERT INTO `users` (`userID`, `username`, `password`, `email`, `roles`, `active`, `age`, `dof`, `phone`) VALUES
(1, 'admin', '21232f297a57a5a743894a0e4a801fc3', 'admin@gmail.com', 1, 1, '', '', ''),
(3, 'user', 'ee11cbb19052e40b07aac0ca060c23ee', 'user@gamil.com', 0, 1, '', '', ''),
(4, 'rr', '202cb962ac59075b964b07152d234b70', 'ghy@uigy.com', 0, 1, '', '', ''),
(5, 'raad', '4297f44b13955235245b2497399d7a93', 'fjfjh@jfnj.com', 0, 1, '', '', ''),
(6, 'abc', '202cb962ac59075b964b07152d234b70', 'jfhfuh@ggk.com', 0, 1, '13', '2016-01-01', '545995'),
(7, 'abcd', '8d5e957f297893487bd98fa830fa6413', 'fggr@gmail.com', 0, 1, '155', '2016-01-01', '0455555');

--
-- Indexes for dumped tables
--

--
-- Indexes for table `categories`
--
ALTER TABLE `categories`
  ADD PRIMARY KEY (`catID`);

--
-- Indexes for table `reservedtrip`
--
ALTER TABLE `reservedtrip`
  ADD PRIMARY KEY (`id`);

--
-- Indexes for table `travel`
--
ALTER TABLE `travel`
  ADD PRIMARY KEY (`id`);

--
-- Indexes for table `users`
--
ALTER TABLE `users`
  ADD PRIMARY KEY (`userID`);

--
-- AUTO_INCREMENT for dumped tables
--

--
-- AUTO_INCREMENT for table `categories`
--
ALTER TABLE `categories`
  MODIFY `catID` int(11) NOT NULL AUTO_INCREMENT, AUTO_INCREMENT=15;
--
-- AUTO_INCREMENT for table `reservedtrip`
--
ALTER TABLE `reservedtrip`
  MODIFY `id` int(11) NOT NULL AUTO_INCREMENT, AUTO_INCREMENT=5;
--
-- AUTO_INCREMENT for table `travel`
--
ALTER TABLE `travel`
  MODIFY `id` int(11) NOT NULL AUTO_INCREMENT, AUTO_INCREMENT=47;
--
-- AUTO_INCREMENT for table `users`
--
ALTER TABLE `users`
  MODIFY `userID` int(11) NOT NULL AUTO_INCREMENT, AUTO_INCREMENT=8;
/*!40101 SET CHARACTER_SET_CLIENT=@OLD_CHARACTER_SET_CLIENT */;
/*!40101 SET CHARACTER_SET_RESULTS=@OLD_CHARACTER_SET_RESULTS */;
/*!40101 SET COLLATION_CONNECTION=@OLD_COLLATION_CONNECTION */;
